site,group,network,M,R_baseline,R_freeze_only,R_lock_only,R_both,cost_plastic,cost_frozen,interaction
RL hip,M=1,860896728,1,0.992234,-1.78129e-05,0.166327,-0.000462318,-0.825908,-0.000444505,-0.825463
RL hip,M=1,1396289849,1,1.04426,0.000480222,0.309936,-0.000217037,-0.734325,-0.000697258,-0.733628
RL hip,M=1,1295751242,1,0.982768,1.90408e-05,0.708868,-3.81437e-05,-0.2739,-5.71845e-05,-0.273843
RL hip,M=1,489225843,1,0.986566,-0.000155042,0.00218143,-0.000149969,-0.984385,5.07342e-06,-0.98439
RL hip,M=1,2113178504,1,0.990853,0.00356544,0.000723333,0.000201847,-0.99013,-0.00336359,-0.986767
RL hip,M=10,617764346,10,0.995077,-0.000374426,0.44972,-0.000263508,-0.545357,0.000110919,-0.545468
RL hip,M=10,1146876823,10,1.0272,0.0182846,0.814355,0.252737,-0.212849,0.234452,-0.447301
RL hip,M=10,1331919846,10,0.988411,0.000439261,0.601639,0.0394665,-0.386772,0.0390273,-0.4258
RL hip,M=10,27294405,10,1.00064,0.000412676,0.491122,0.0331661,-0.509516,0.0327534,-0.54227
RL hip,M=10,689362957,10,1.006,-0.0001027,0.797189,-0.000858414,-0.208814,-0.000755713,-0.208058
RL hip,M=20,1853697842,20,0.995479,-0.000125082,0.769876,-6.12087e-05,-0.225604,6.38735e-05,-0.225668
RL hip,M=20,685059270,20,0.983131,0.000614008,0.000874618,-6.12894e-05,-0.982256,-0.000675297,-0.981581
RL hip,M=20,1919632181,20,1.00806,0.0336599,0.447209,0.10856,-0.560856,0.0748997,-0.635755
RL hip,M=20,641049713,20,0.982418,0.000189078,0.146967,-0.000650106,-0.835451,-0.000839183,-0.834612
RL hip,M=20,1298619277,20,0.991025,0.000251733,0.678956,-3.44459e-06,-0.312069,-0.000255177,-0.311814
RL hip,M=160,576310242,160,0.995464,0.988289,-0.000207421,-0.000121532,-0.995672,-0.988411,-0.00726062
RL hip,M=160,756800567,160,1.00279,0.866007,0.210975,0.000927705,-0.791813,-0.86508,0.0732669
RL hip,M=160,1042351053,160,0.998524,0.98315,0.592516,0.603303,-0.406007,-0.379847,-0.0261609
RL hip,M=160,2126766829,160,0.994415,0.992551,0.542914,0.579572,-0.451501,-0.412979,-0.0385222
RL hip,M=160,602647351,160,1.00308,0.99669,0.712426,0.0355221,-0.290653,-0.961168,0.670516
FR hip,M=1,860896728,1,0.992234,-1.78129e-05,0.926562,-5.62985e-05,-0.0656724,-3.84856e-05,-0.0656339
FR hip,M=1,1396289849,1,1.04059,0.000395274,0.000245637,8.52381e-05,-1.04034,-0.000310036,-1.04003
FR hip,M=1,1295751242,1,0.984436,0.000139521,0.705114,-0.000620982,-0.279322,-0.000760504,-0.278561
FR hip,M=1,489225843,1,0.981352,-0.000100201,0.587611,0.000488622,-0.39374,0.000588823,-0.394329
FR hip,M=1,2113178504,1,0.988849,0.00201917,-0.0013167,0.000351917,-0.990166,-0.00166725,-0.988499
FR hip,M=10,617764346,10,0.99421,-0.000210662,0.381717,-0.000181436,-0.612493,2.92252e-05,-0.612523
FR hip,M=10,1146876823,10,1.02861,0.0784871,0.0274588,0.0479685,-1.00115,-0.0305187,-0.970631
FR hip,M=10,1331919846,10,0.991036,0.000643971,0.0558836,0.0454281,-0.935153,0.0447842,-0.979937
FR hip,M=10,27294405,10,0.999794,0.00190497,0.649235,0.0191139,-0.35056,0.0172089,-0.367769
FR hip,M=10,689362957,10,1.00567,0.000277807,0.220356,-0.000104968,-0.785311,-0.000382776,-0.784928
FR hip,M=20,1853697842,20,0.993279,2.4289e-05,0.775566,-0.000284351,-0.217713,-0.00030864,-0.217404
FR hip,M=20,685059270,20,0.985355,0.000527241,4.44053e-06,0.0136893,-0.98535,0.0131621,-0.998513
FR hip,M=20,1919632181,20,1.01118,0.014345,0.624363,4.00651e-05,-0.386817,-0.0143049,-0.372512
FR hip,M=20,641049713,20,0.990965,-0.000386589,0.577102,-0.00133079,-0.413863,-0.0009442,-0.412919
FR hip,M=20,1298619277,20,0.988958,0.000396452,0.91808,7.81984e-05,-0.0708786,-0.000318253,-0.0705603
FR hip,M=160,576310242,160,0.99679,0.987163,0.986684,0.97981,-0.0101065,-0.00735313,-0.00275341
FR hip,M=160,756800567,160,1.00248,0.675023,0.166407,1.87054e-05,-0.836074,-0.675004,-0.16107
FR hip,M=160,1042351053,160,1.00026,0.988692,0.935014,0.915205,-0.0652425,-0.0734875,0.00824505
FR hip,M=160,2126766829,160,1.00112,0.992325,0.00309785,-0.00271917,-0.998021,-0.995044,-0.00297689
FR hip,M=160,602647351,160,1.00597,0.995588,0.96894,0.961119,-0.0370307,-0.0344692,-0.00256154
RR calf,M=1,860896728,1,0.992234,-1.78129e-05,0.130274,-0.000170052,-0.861961,-0.000152239,-0.861808
RR calf,M=1,1396289849,1,1.03293,0.000497051,0.000624362,0.00023619,-1.03231,-0.000260861,-1.03205
RR calf,M=1,1295751242,1,0.981647,0.00087687,0.00253237,2.68969e-05,-0.979115,-0.000849973,-0.978265
RR calf,M=1,489225843,1,0.981819,0.000252924,-0.000354198,0.000515304,-0.982173,0.00026238,-0.982435
RR calf,M=1,2113178504,1,0.985285,0.00147682,-0.00253243,2.45277e-05,-0.987817,-0.00145229,-0.986365
RR calf,M=10,617764346,10,0.994297,3.54379e-06,-0.000175217,-6.04796e-05,-0.994472,-6.40233e-05,-0.994408
RR calf,M=10,1146876823,10,1.0297,0.0103587,-0.000795698,-0.000841904,-1.03049,-0.0112006,-1.01929
RR calf,M=10,1331919846,10,0.992655,0.0141205,0.000313735,-4.97345e-05,-0.992341,-0.0141702,-0.978171
RR calf,M=10,27294405,10,1.00123,0.0238233,0.145414,-0.000263245,-0.855814,-0.0240865,-0.831728
RR calf,M=10,689362957,10,0.99683,-0.000530423,-0.000147264,-0.000485568,-0.996977,4.48554e-05,-0.997022
RR calf,M=20,1853697842,20,0.995191,-0.000213074,0.000631799,-0.000524756,-0.994559,-0.000311681,-0.994247
RR calf,M=20,685059270,20,0.986639,4.17669e-05,-8.37984e-05,-0.000228184,-0.986723,-0.000269951,-0.986453
RR calf,M=20,1919632181,20,1.01053,0.0304571,0.00604451,1.83837e-05,-1.00449,-0.0304387,-0.974048
RR calf,M=20,641049713,20,0.980816,0.000309136,0.213308,-0.00120845,-0.767508,-0.00151758,-0.76599
RR calf,M=20,1298619277,20,0.992106,0.000472664,0.0570391,-9.31479e-06,-0.935066,-0.000481979,-0.934584
RR calf,M=160,576310242,160,0.995664,0.986014,-0.00330714,-0.00220771,-0.998971,-0.988222,-0.0107495
RR calf,M=160,756800567,160,1.00204,0.815683,-0.000141008,0.000180964,-1.00218,-0.815502,-0.186679
RR calf,M=160,1042351053,160,1.00296,0.985997,-0.000699428,-0.000122249,-1.00366,-0.98612,-0.0175436
RR calf,M=160,2126766829,160,0.990701,0.992042,-0.00169342,-0.000136883,-0.992394,-0.992179,-0.000215609
RR calf,M=160,602647351,160,1.00428,0.996761,0.00258142,-0.0277054,-1.0017,-1.02447,0.0227665
FL calf,M=1,860896728,1,0.992234,-1.78129e-05,0.153196,-5.52262e-06,-0.839038,1.22902e-05,-0.83905
FL calf,M=1,1396289849,1,1.03762,0.000580893,0.360401,0.000350821,-0.677214,-0.000230073,-0.676984
FL calf,M=1,1295751242,1,0.984132,1.4746e-05,0.958,0.000139064,-0.0261326,0.000124318,-0.026257
FL calf,M=1,489225843,1,0.982696,-4.02398e-05,0.175122,-0.00130057,-0.807574,-0.00126033,-0.806313
FL calf,M=1,2113178504,1,0.984312,0.000658345,-0.000696572,-0.000188979,-0.985009,-0.000847323,-0.984161
FL calf,M=10,617764346,10,0.993251,-6.54012e-05,0.858823,3.09875e-05,-0.134428,9.63887e-05,-0.134525
FL calf,M=10,1146876823,10,1.02407,0.0706454,-0.00079667,-0.00104554,-1.02486,-0.0716909,-0.953174
FL calf,M=10,1331919846,10,0.989475,0.000944411,0.000284601,7.38246e-05,-0.98919,-0.000870586,-0.98832
FL calf,M=10,27294405,10,1.00307,-0.00026395,-5.78465e-05,-0.00183105,-1.00313,-0.0015671,-1.00156
FL calf,M=10,689362957,10,1.00805,-0.000190105,-2.71593e-06,-0.00109229,-1.00805,-0.000902186,-1.00715
FL calf,M=20,1853697842,20,0.992619,-0.000483968,0.38748,-0.000425732,-0.605139,5.82356e-05,-0.605197
FL calf,M=20,685059270,20,0.988608,-4.64167e-05,0.00335529,-2.22969e-05,-0.985253,2.41198e-05,-0.985277
FL calf,M=20,1919632181,20,1.00733,0.0178812,-0.00107594,0.0236364,-1.00841,0.00575512,-1.01416
FL calf,M=20,641049713,20,0.97257,-0.000424681,-0.000621668,-0.00159902,-0.973192,-0.00117434,-0.972017
FL calf,M=20,1298619277,20,0.992293,0.000336678,0.000131043,-5.50566e-05,-0.992162,-0.000391734,-0.99177
FL calf,M=160,576310242,160,0.99619,0.987394,0.489914,0.430994,-0.506276,-0.5564,0.0501236
FL calf,M=160,756800567,160,1.00315,0.703364,0.423195,0.530497,-0.579956,-0.172867,-0.407088
FL calf,M=160,1042351053,160,0.999034,0.985568,0.000284862,-0.000189966,-0.998749,-0.985758,-0.0129908
FL calf,M=160,2126766829,160,0.997474,0.979119,-0.000340862,0.000815369,-0.997815,-0.978303,-0.0195121
FL calf,M=160,602647351,160,1.00289,0.994415,-2.21886e-05,0.000216328,-1.00291,-0.994199,-0.00871093
