site,group,network,cell,M,T_gait_steps,retention,retention_flagged,conv_ratio,fraction_converged,v_pre,v_post,dW_early,dW_late,mean_reward,final_upright,fallen_fraction,retention_phase_range
RL hip,M=1,860896728,baseline,1,37.5,0.992234,0,1.00644,0.15,0.802819,0.796978,3.79064,3.8135,0.0194734,0.993754,0,0.0184458
RL hip,M=1,860896728,freeze_only,1,37.5,-1.78129e-05,0,,0,0.803463,-1.43075e-05,0,0,0.0120822,-0.999871,0.75,0.101898
RL hip,M=1,860896728,lock_only,1,37.5,0.166327,0,0.803777,0.6,0.802494,0.132497,3.82325,3.09556,0.0135876,-0.21395,0.6,0.332598
RL hip,M=1,860896728,both,1,37.5,-0.000462318,0,,0,0.803074,-0.000368495,0,0,0.012297,-0.999532,0.75,0.00311299
RL hip,M=1,1396289849,baseline,1,56.25,1.04426,0,0.958503,0.45,0.618927,0.642643,2.49816,2.38252,0.0163293,0.98483,0,0.0968094
RL hip,M=1,1396289849,freeze_only,1,56.25,0.000480222,0,,0,0.619442,0.000289493,0,0,0.0106105,-0.99998,0.95,0.00171115
RL hip,M=1,1396289849,lock_only,1,56.25,0.309936,0,0.981485,0.45,0.605257,0.187137,2.36175,2.37456,0.0122432,0.96928,0.3,0.319616
RL hip,M=1,1396289849,both,1,56.25,-0.000217037,0,,0,0.621149,-0.000134667,0,0,0.0105353,-0.603183,0.8,0.00306363
RL hip,M=1,1295751242,baseline,1,42.857,0.982768,0,0.985267,0.25,0.706258,0.695204,3.22585,3.16984,0.0177924,0.986968,0,0.039216
RL hip,M=1,1295751242,freeze_only,1,42.857,1.90408e-05,0,,0,0.703183,1.30987e-05,0,0,0.0111806,-0.99888,0.8,0.0175469
RL hip,M=1,1295751242,lock_only,1,42.857,0.708868,0,1.05389,0.1,0.704848,0.499101,2.83958,2.99791,0.0150305,0.969145,0,0.0397058
RL hip,M=1,1295751242,both,1,42.857,-3.81437e-05,0,,0,0.706632,-2.6993e-05,0,0,0.0113843,-0.325942,0.7,0.0562295
RL hip,M=1,489225843,baseline,1,52.941,0.986566,0,0.987634,0.35,0.65274,0.637991,2.82504,2.7951,0.0166691,0.981234,0,0.0622816
RL hip,M=1,489225843,freeze_only,1,52.941,-0.000155042,0,,0,0.642575,-9.91984e-05,0,0,0.0106979,-0.999426,0.75,0.00976133
RL hip,M=1,489225843,lock_only,1,52.941,0.00218143,0,0.71158,0.9,0.650502,0.00143448,2.72346,2.02516,0.0107099,-0.999917,0.95,0.000776658
RL hip,M=1,489225843,both,1,52.941,-0.000149969,0,,0,0.651354,-0.000100396,0,0,0.0106542,-0.998979,0.9,0.00242374
RL hip,M=1,2113178504,baseline,1,33.333,0.990853,0,0.991018,0.25,0.610105,0.604051,3.75722,3.74621,0.0168502,0.981904,0,0.0496251
RL hip,M=1,2113178504,freeze_only,1,33.333,0.00356544,0,,0,0.608986,0.00218114,0,0,0.0119067,0.992366,0.1,0.133603
RL hip,M=1,2113178504,lock_only,1,33.333,0.000723333,0,0.228954,1,0.608932,0.000440589,3.44067,0.771281,0.011929,0.995961,0,0.0031858
RL hip,M=1,2113178504,both,1,33.333,0.000201847,0,,0,0.612043,0.000121494,0,0,0.0116515,0.986642,0,0.0650356
RL hip,M=10,617764346,baseline,10,44.999,0.995077,0,1.01447,0,0.761091,0.757491,1.44699,1.47011,0.0193623,0.983742,0,0.0318847
RL hip,M=10,617764346,freeze_only,10,44.999,-0.000374426,0,,0,0.761594,-0.000283572,0,0,0.0119245,-0.586563,0.8,0.270436
RL hip,M=10,617764346,lock_only,10,44.999,0.44972,0,0.813392,0.8,0.764248,0.345426,1.44144,1.1719,0.0146878,0.954175,0.15,0.470745
RL hip,M=10,617764346,both,10,44.999,-0.000263508,0,,0,0.763645,-0.000200111,0,0,0.0117751,-1,0.85,0.00250962
RL hip,M=10,1146876823,baseline,10,29.032,1.0272,0,1.26462,0.2,0.655768,0.676282,0.935415,1.18239,0.0172691,0.993615,0,0.0260519
RL hip,M=10,1146876823,freeze_only,10,29.032,0.0182846,0,,0,0.65828,0.000690763,0,0,0.0113649,-0.645991,0.6,0.36571
RL hip,M=10,1146876823,lock_only,10,29.032,0.814355,0,1.06872,0.25,0.659122,0.534448,1.14117,1.21854,0.0161646,0.976596,0,0.03499
RL hip,M=10,1146876823,both,10,29.032,0.252737,0,,0,0.651533,0.163618,0,0,0.0124281,0.910434,0.3,0.434014
RL hip,M=10,1331919846,baseline,10,30,0.988411,0,1.2855,0.05,0.620427,0.613972,0.894661,1.15119,0.017012,0.964726,0,0.02674
RL hip,M=10,1331919846,freeze_only,10,30,0.000439261,0,,0,0.619053,0.000270308,0,0,0.0116966,0.961426,0.25,0.278648
RL hip,M=10,1331919846,lock_only,10,30,0.601639,0,1.15698,0.1,0.623418,0.373277,0.978052,1.13131,0.0141823,0.971053,0.05,0.0321509
RL hip,M=10,1331919846,both,10,30,0.0394665,0,,0,0.620361,0.0243103,0,0,0.0119171,0.963657,0,0.14152
RL hip,M=10,27294405,baseline,10,31.034,1.00064,0,0.904057,0.45,0.641723,0.642176,1.30707,1.18103,0.017177,0.991334,0,0.013401
RL hip,M=10,27294405,freeze_only,10,31.034,0.000412676,0,,0,0.639355,0.000264087,0,0,0.0117315,0.946726,0.15,0.133743
RL hip,M=10,27294405,lock_only,10,31.034,0.491122,0,0.83082,0.7,0.641316,0.314005,1.28862,1.07821,0.0139327,0.96414,0,0.0581623
RL hip,M=10,27294405,both,10,31.034,0.0331661,0,,0,0.641834,0.0212686,0,0,0.0116302,0.889782,0.1,0.101354
RL hip,M=10,689362957,baseline,10,27.2727,1.006,0,1.01638,0.2,0.606653,0.611005,1.25039,1.26922,0.0161512,0.974656,0,0.0909937
RL hip,M=10,689362957,freeze_only,10,27.2727,-0.0001027,0,,0,0.613716,-6.02075e-05,0,0,0.010553,-0.0254593,0.65,0.0470254
RL hip,M=10,689362957,lock_only,10,27.2727,0.797189,0,0.967116,0.35,0.614461,0.483275,1.27125,1.23214,0.0146268,0.983627,0,0.0968445
RL hip,M=10,689362957,both,10,27.2727,-0.000858414,0,,0,0.604473,-0.000508364,0,0,0.0107423,0.8837,0.35,0.0284221
RL hip,M=20,1853697842,baseline,20,34.615,0.995479,0,1.01969,0,0.717236,0.714106,1.00487,1.02452,0.0187559,0.99031,0,0.0120214
RL hip,M=20,1853697842,freeze_only,20,34.615,-0.000125082,0,,0,0.716409,-8.94188e-05,0,0,0.0117332,-0.0649132,0.75,0.202599
RL hip,M=20,1853697842,lock_only,20,34.615,0.769876,0,0.990678,0.2,0.716852,0.552694,0.981449,0.97302,0.0172522,0.99032,0,0.0253703
RL hip,M=20,1853697842,both,20,34.615,-6.12087e-05,0,,0,0.717752,-4.36074e-05,0,0,0.0117739,-0.998786,0.75,0.114458
RL hip,M=20,685059270,baseline,20,52.941,0.983131,0,0.995934,0,0.683287,0.673287,0.695814,0.691854,0.0177963,0.951779,0,0.0393057
RL hip,M=20,685059270,freeze_only,20,52.941,0.000614008,0,,0,0.683017,0.000415545,0,0,0.0115127,-0.151142,0.6,0.152777
RL hip,M=20,685059270,lock_only,20,52.941,0.000874618,0,0.66368,1,0.685466,0.000589559,0.684212,0.474943,0.0115575,0.692585,0.45,0.22988
RL hip,M=20,685059270,both,20,52.941,-6.12894e-05,0,,0,0.687877,-4.21593e-05,0,0,0.0113546,0.69397,0.45,0.142994
RL hip,M=20,1919632181,baseline,20,69.23,1.00806,0,1.02189,0.2,0.586981,0.594468,0.773631,0.788361,0.0169522,0.985232,0,0.0932187
RL hip,M=20,1919632181,freeze_only,20,69.23,0.0336599,0,,0,0.588422,0.0193416,0,0,0.0114104,0.953572,0.45,0.259749
RL hip,M=20,1919632181,lock_only,20,69.23,0.447209,0,0.83726,0.65,0.588206,0.267113,0.791189,0.657745,0.014074,0.992811,0.2,0.48259
RL hip,M=20,1919632181,both,20,69.23,0.10856,0,,0,0.588071,0.0635385,0,0,0.0121244,0.965889,0.25,0.373453
RL hip,M=20,641049713,baseline,20,47.368,0.982418,0,0.996578,0,0.60461,0.596077,0.805851,0.801084,0.0166497,0.979463,0,0.0262767
RL hip,M=20,641049713,freeze_only,20,47.368,0.000189078,0,,0,0.608827,0.00011182,0,0,0.010841,-0.998822,0.8,0.00177678
RL hip,M=20,641049713,lock_only,20,47.368,0.146967,0,0.835364,0.6,0.600712,0.0125638,0.781375,0.645484,0.0118965,-0.092185,0.6,0.515761
RL hip,M=20,641049713,both,20,47.368,-0.000650106,0,,0,0.599586,-0.0003865,0,0,0.0107132,-0.998974,0.85,0.0172505
RL hip,M=20,1298619277,baseline,20,89.999,0.991025,0,1.05541,0,0.72218,0.716784,0.874947,0.922866,0.0181227,0.983942,0,0.0452937
RL hip,M=20,1298619277,freeze_only,20,89.999,0.000251733,0,,0,0.719685,0.000187988,0,0,0.0116712,-0.162381,0.65,0.0150827
RL hip,M=20,1298619277,lock_only,20,89.999,0.678956,0,0.962326,0.4,0.72127,0.494161,0.869887,0.836946,0.0157697,0.960973,0.15,0.166978
RL hip,M=20,1298619277,both,20,89.999,-3.44459e-06,0,,0,0.724582,-2.71316e-06,0,0,0.0117284,0.532139,0.5,0.0802796
RL hip,M=160,576310242,baseline,160,36,0.995464,0,1.01561,0,0.792432,0.789651,0.129129,0.132186,0.0196116,0.993876,0,0.0100087
RL hip,M=160,576310242,freeze_only,160,36,0.988289,0,,0,0.79392,0.782603,0,0,0.0195429,0.997222,0,0.0132479
RL hip,M=160,576310242,lock_only,160,36,-0.000207421,0,0.738823,1,0.791615,-0.000163276,0.125023,0.0963899,0.0126482,-1,1,0.000363686
RL hip,M=160,576310242,both,160,36,-0.000121532,0,,0,0.791875,-9.57738e-05,0,0,0.0126169,-0.999573,1,0.000971418
RL hip,M=160,756800567,baseline,160,34.615,1.00279,0,1.0047,0,0.79591,0.798094,0.108221,0.108889,0.0196983,0.982863,0,0.00723267
RL hip,M=160,756800567,freeze_only,160,34.615,0.866007,0,,0,0.795601,0.688381,0,0,0.0180166,0.963611,0,0.487493
RL hip,M=160,756800567,lock_only,160,34.615,0.210975,0,0.761315,1,0.796451,0.167675,0.105065,0.0818936,0.0130279,0.941271,0.25,0.187499
RL hip,M=160,756800567,both,160,34.615,0.000927705,0,,0,0.796956,0.000740363,0,0,0.0125139,-1,0.7,0.119541
RL hip,M=160,1042351053,baseline,160,37.5,0.998524,0,1.01456,0,0.777205,0.775792,0.140022,0.141984,0.0191062,0.991194,0,0.0163341
RL hip,M=160,1042351053,freeze_only,160,37.5,0.98315,0,,0,0.776454,0.765463,0,0,0.0188584,0.993091,0,0.029523
RL hip,M=160,1042351053,lock_only,160,37.5,0.592516,0,0.842801,1,0.776018,0.46025,0.138669,0.116792,0.0156853,0.981891,0,0.0135752
RL hip,M=160,1042351053,both,160,37.5,0.603303,0,,0,0.775364,0.467246,0,0,0.0157396,0.986878,0,0.0261474
RL hip,M=160,2126766829,baseline,160,47.368,0.994415,0,0.987123,0,0.615538,0.613853,0.0972559,0.0946804,0.0165527,0.993408,0,0.0431107
RL hip,M=160,2126766829,freeze_only,160,47.368,0.992551,0,,0,0.614945,0.608317,0,0,0.0163714,0.987056,0,0.20552
RL hip,M=160,2126766829,lock_only,160,47.368,0.542914,0,0.659563,0.95,0.60901,0.334108,0.089987,0.0613705,0.0136153,0.988473,0.2,0.410396
RL hip,M=160,2126766829,both,160,47.368,0.579572,0,,0,0.613147,0.354312,0,0,0.014001,0.990305,0,0.230103
RL hip,M=160,602647351,baseline,160,34.61,1.00308,0,0.996425,0,0.813974,0.815132,0.139829,0.139179,0.0198651,0.990495,0,0.0176059
RL hip,M=160,602647351,freeze_only,160,34.61,0.99669,0,,0,0.813435,0.807166,0,0,0.0197754,0.993525,0,0.0144803
RL hip,M=160,602647351,lock_only,160,34.61,0.712426,0,0.822351,0.6,0.813116,0.577854,0.14044,0.11397,0.0159682,0.95743,0.45,0.67253
RL hip,M=160,602647351,both,160,34.61,0.0355221,0,,0,0.813073,0.0288981,0,0,0.0137588,-0.576277,0.6,0.694899
FR hip,M=1,860896728,baseline,1,37.5,0.992234,0,1.00644,0.15,0.802819,0.796978,3.79064,3.8135,0.0194734,0.993754,0,0.0184458
FR hip,M=1,860896728,freeze_only,1,37.5,-1.78129e-05,0,,0,0.803463,-1.43075e-05,0,0,0.0120822,-0.999871,0.75,0.101898
FR hip,M=1,860896728,lock_only,1,37.5,0.926562,0,0.946232,0.45,0.80325,0.743821,3.77361,3.61001,0.0187745,0.993703,0.05,0.0287924
FR hip,M=1,860896728,both,1,37.5,-5.62985e-05,0,,0,0.801728,-4.51798e-05,0,0,0.0118799,-0.99999,0.9,0.0130079
FR hip,M=1,1396289849,baseline,1,56.25,1.04059,0,0.888738,0.55,0.614688,0.638689,2.68919,2.37174,0.0162905,0.990873,0,0.0853024
FR hip,M=1,1396289849,freeze_only,1,56.25,0.000395274,0,,0,0.616127,0.000239127,0,0,0.0105818,-1,1,0.000856843
FR hip,M=1,1396289849,lock_only,1,56.25,0.000245637,0,0.945026,0.45,0.613804,0.000156095,2.28152,2.132,0.011004,-0.999938,1,0.000519555
FR hip,M=1,1396289849,both,1,56.25,8.52381e-05,0,,0,0.628712,5.09791e-05,0,0,0.0107026,-0.0402261,0.65,0.0215303
FR hip,M=1,1295751242,baseline,1,42.857,0.984436,0,1.00881,0.2,0.707698,0.695698,3.14142,3.17348,0.0177644,0.986494,0,0.0512194
FR hip,M=1,1295751242,freeze_only,1,42.857,0.000139521,0,,0,0.707607,9.76415e-05,0,0,0.0112888,-0.998542,0.8,0.00382755
FR hip,M=1,1295751242,lock_only,1,42.857,0.705114,0,0.918235,0.4,0.703091,0.505714,3.01986,2.79578,0.0152997,0.995316,0,0.0266344
FR hip,M=1,1295751242,both,1,42.857,-0.000620982,0,,0,0.707346,-0.000440035,0,0,0.0110589,-0.0763668,0.65,0.0182515
FR hip,M=1,489225843,baseline,1,52.941,0.981352,0,1.08723,0.2,0.659781,0.642101,2.62522,2.812,0.0166497,0.986115,0,0.10091
FR hip,M=1,489225843,freeze_only,1,52.941,-0.000100201,0,,0,0.643749,-6.38484e-05,0,0,0.0107867,-0.304287,0.7,0.0214717
FR hip,M=1,489225843,lock_only,1,52.941,0.587611,0,1.05038,0.4,0.649875,0.380819,2.30155,2.35939,0.0141197,0.98676,0,0.0825345
FR hip,M=1,489225843,both,1,52.941,0.000488622,0,,0,0.649924,0.000312741,0,0,0.0108169,-0.594029,0.6,0.0413059
FR hip,M=1,2113178504,baseline,1,33.333,0.988849,0,1.00184,0.2,0.612016,0.604344,3.73264,3.73692,0.0168511,0.974978,0,0.0499361
FR hip,M=1,2113178504,freeze_only,1,33.333,0.00201917,0,,0,0.609055,0.00124015,0,0,0.0117915,0.991521,0.15,0.0922968
FR hip,M=1,2113178504,lock_only,1,33.333,-0.0013167,0,0.470642,1,0.609676,-0.000812548,3.63552,1.69933,0.0109306,-0.130555,1,0.000462974
FR hip,M=1,2113178504,both,1,33.333,0.000351917,0,,0,0.610744,0.00021948,0,0,0.011767,0.977843,0.15,0.0501807
FR hip,M=10,617764346,baseline,10,44.999,0.99421,0,1.01139,0,0.761018,0.757545,1.45275,1.47044,0.0193576,0.983918,0,0.0305226
FR hip,M=10,617764346,freeze_only,10,44.999,-0.000210662,0,,0,0.763882,-0.000160954,0,0,0.0119319,-1,0.8,0.245657
FR hip,M=10,617764346,lock_only,10,44.999,0.381717,0,0.882349,0.55,0.764209,0.296048,1.44346,1.23881,0.014864,0.968773,0.4,0.423234
FR hip,M=10,617764346,both,10,44.999,-0.000181436,0,,0,0.762892,-0.000138543,0,0,0.0118928,0.363881,0.5,0.405346
FR hip,M=10,1146876823,baseline,10,29.032,1.02861,0,1.22248,0.15,0.653844,0.676364,0.96962,1.18442,0.0172748,0.996153,0,0.0296842
FR hip,M=10,1146876823,freeze_only,10,29.032,0.0784871,0,,0,0.658255,0.0512761,0,0,0.0115022,0.341138,0.5,0.254155
FR hip,M=10,1146876823,lock_only,10,29.032,0.0274588,0,1.04818,0.3,0.654508,0.0180895,0.95318,1.04756,0.0112451,0.837047,0.3,0.0583978
FR hip,M=10,1146876823,both,10,29.032,0.0479685,0,,0,0.655926,0.0310776,0,0,0.0113503,0.920127,0.05,0.23388
FR hip,M=10,1331919846,baseline,10,30,0.991036,0,1.29612,0.05,0.619301,0.615003,0.891596,1.15003,0.0170583,0.958512,0,0.02904
FR hip,M=10,1331919846,freeze_only,10,30,0.000643971,0,,0,0.618806,0.000396273,0,0,0.0113897,0.98002,0.35,0.319704
FR hip,M=10,1331919846,lock_only,10,30,0.0558836,0,1.13902,0.2,0.620414,0.0343421,0.94904,1.05123,0.0117835,0.883434,0,0.00430793
FR hip,M=10,1331919846,both,10,30,0.0454281,0,,0,0.619303,0.0279999,0,0,0.0116978,0.936006,0.05,0.296065
FR hip,M=10,27294405,baseline,10,31.034,0.999794,0,0.905941,0.45,0.642905,0.642839,1.30651,1.18252,0.0171921,0.993229,0,0.0146269
FR hip,M=10,27294405,freeze_only,10,31.034,0.00190497,0,,0,0.640962,0.00122852,0,0,0.0117049,0.954278,0.05,0.197306
FR hip,M=10,27294405,lock_only,10,31.034,0.649235,0,0.923151,0.25,0.640195,0.417452,1.16702,1.1096,0.0144832,0.989284,0,0.625352
FR hip,M=10,27294405,both,10,31.034,0.0191139,0,,0,0.642167,0.012215,0,0,0.0114661,0.911509,0,0.0851085
FR hip,M=10,689362957,baseline,10,27.2727,1.00567,0,1.00499,0.2,0.60741,0.610171,1.26296,1.26874,0.0161496,0.969876,0,0.0967827
FR hip,M=10,689362957,freeze_only,10,27.2727,0.000277807,0,,0,0.606992,0.000160778,0,0,0.0109054,0.55555,0.5,0.138663
FR hip,M=10,689362957,lock_only,10,27.2727,0.220356,0,0.875273,0.55,0.606827,0.127815,1.23083,1.16992,0.013092,-0.630154,0.6,0.33515
FR hip,M=10,689362957,both,10,27.2727,-0.000104968,0,,0,0.608831,-6.46476e-05,0,0,0.0104789,-0.143827,0.55,0.0326295
FR hip,M=20,1853697842,baseline,20,34.615,0.993279,0,1.01751,0,0.716971,0.714064,1.00536,1.02431,0.0187379,0.990389,0,0.0104173
FR hip,M=20,1853697842,freeze_only,20,34.615,2.4289e-05,0,,0,0.716436,1.74904e-05,0,0,0.0117559,-0.626594,0.8,0.111914
FR hip,M=20,1853697842,lock_only,20,34.615,0.775566,0,0.864578,0.7,0.716704,0.55386,1.00057,0.922721,0.0168041,0.943616,0,0.632026
FR hip,M=20,1853697842,both,20,34.615,-0.000284351,0,,0,0.716931,-0.000203304,0,0,0.0117689,-0.108343,0.7,0.107404
FR hip,M=20,685059270,baseline,20,52.941,0.985355,0,0.994545,0.05,0.682214,0.674015,0.696474,0.69242,0.0177772,0.952874,0,0.0432419
FR hip,M=20,685059270,freeze_only,20,52.941,0.000527241,0,,0,0.685439,0.000357103,0,0,0.0116355,-0.133912,0.6,0.250484
FR hip,M=20,685059270,lock_only,20,52.941,4.44053e-06,0,0.677932,1,0.685294,3.05861e-06,0.695979,0.472887,0.0114785,0.644809,0.45,0.0406343
FR hip,M=20,685059270,both,20,52.941,0.0136893,0,,0,0.682105,0.00928232,0,0,0.0119775,0.901989,0.1,0.211941
FR hip,M=20,1919632181,baseline,20,69.23,1.01118,0,1.00712,0.2,0.587373,0.594083,0.783986,0.788935,0.0169499,0.988655,0,0.0953769
FR hip,M=20,1919632181,freeze_only,20,69.23,0.014345,0,,0,0.586762,0.00826455,0,0,0.0118147,0.975487,0.4,0.277209
FR hip,M=20,1919632181,lock_only,20,69.23,0.624363,0,0.828309,0.65,0.588809,0.379347,0.790804,0.656151,0.0144413,0.979218,0,0.125751
FR hip,M=20,1919632181,both,20,69.23,4.00651e-05,0,,0,0.585786,2.2777e-05,0,0,0.0110921,0.964238,0.35,0.261758
FR hip,M=20,641049713,baseline,20,47.368,0.990965,0,0.991444,0,0.603349,0.596035,0.809714,0.801593,0.0166542,0.973279,0,0.0416175
FR hip,M=20,641049713,freeze_only,20,47.368,-0.000386589,0,,0,0.605084,-0.000228209,0,0,0.0107831,-0.999273,0.85,0.00350101
FR hip,M=20,641049713,lock_only,20,47.368,0.577102,0,0.90694,0.35,0.60857,0.344136,0.783464,0.71101,0.0136336,0.940271,0.3,0.69133
FR hip,M=20,641049713,both,20,47.368,-0.00133079,0,,0,0.602719,-0.00079226,0,0,0.0107547,0.0120214,0.55,0.0080949
FR hip,M=20,1298619277,baseline,20,89.999,0.988958,0,1.04683,0,0.720612,0.714649,0.877467,0.92262,0.0180944,0.981956,0.1,0.0425639
FR hip,M=20,1298619277,freeze_only,20,89.999,0.000396452,0,,0,0.719432,0.000296303,0,0,0.0117594,0.00687671,0.55,0.0142703
FR hip,M=20,1298619277,lock_only,20,89.999,0.91808,0,1.01301,0.25,0.72347,0.676071,0.877331,0.897231,0.0172637,0.972415,0.05,0.459481
FR hip,M=20,1298619277,both,20,89.999,7.81984e-05,0,,0,0.725734,5.81938e-05,0,0,0.0116035,-0.0774043,0.8,0.00393843
FR hip,M=160,576310242,baseline,160,36,0.99679,0,1.02104,0,0.79232,0.789845,0.129579,0.132212,0.0196332,0.994045,0,0.0132925
FR hip,M=160,576310242,freeze_only,160,36,0.987163,0,,0,0.792723,0.781862,0,0,0.0195328,0.997232,0,0.0170852
FR hip,M=160,576310242,lock_only,160,36,0.986684,0,0.983297,0.05,0.792031,0.782652,0.128646,0.12719,0.0190154,0.993376,0,0.0160419
FR hip,M=160,576310242,both,160,36,0.97981,0,,0,0.791847,0.775292,0,0,0.0190061,0.996191,0,0.0140116
FR hip,M=160,756800567,baseline,160,34.615,1.00248,0,0.998915,0,0.796642,0.798844,0.108979,0.108809,0.0196634,0.980034,0,0.00932097
FR hip,M=160,756800567,freeze_only,160,34.615,0.675023,0,,0,0.796319,0.53656,0,0,0.0172997,0.978419,0.05,0.519389
FR hip,M=160,756800567,lock_only,160,34.615,0.166407,0,0.726659,1,0.796595,0.132875,0.107645,0.0774494,0.0132262,-0.143099,0.65,0.332682
FR hip,M=160,756800567,both,160,34.615,1.87054e-05,0,,0,0.796606,1.49804e-05,0,0,0.0126291,-0.122596,0.8,0.159643
FR hip,M=160,1042351053,baseline,160,37.5,1.00026,0,1.01737,0,0.776455,0.776849,0.139773,0.142001,0.0191029,0.993494,0,0.0166942
FR hip,M=160,1042351053,freeze_only,160,37.5,0.988692,0,,0,0.774973,0.766852,0,0,0.0188703,0.979697,0,0.045594
FR hip,M=160,1042351053,lock_only,160,37.5,0.935014,0,0.913601,0.35,0.775403,0.724384,0.140742,0.12717,0.0182591,0.991789,0,0.0118032
FR hip,M=160,1042351053,both,160,37.5,0.915205,0,,0,0.777292,0.705286,0,0,0.0181152,0.991795,0,0.0781689
FR hip,M=160,2126766829,baseline,160,47.368,1.00112,0,1.00311,0,0.61096,0.615152,0.0947502,0.0944259,0.0164929,0.993153,0,0.0491388
FR hip,M=160,2126766829,freeze_only,160,47.368,0.992325,0,,0,0.61471,0.611877,0,0,0.0163388,0.987808,0,0.0470407
FR hip,M=160,2126766829,lock_only,160,47.368,0.00309785,0,0.754673,1,0.60656,0.00188987,0.0898122,0.0675019,0.0108181,0.924421,0,0.00480681
FR hip,M=160,2126766829,both,160,47.368,-0.00271917,0,,0,0.612134,-0.00166307,0,0,0.0110761,0.914347,0,0.00954061
FR hip,M=160,602647351,baseline,160,34.61,1.00597,0,0.996699,0,0.813054,0.816053,0.139805,0.138986,0.0198535,0.989036,0,0.0177763
FR hip,M=160,602647351,freeze_only,160,34.61,0.995588,0,,0,0.81467,0.807534,0,0,0.0197107,0.993444,0,0.0121462
FR hip,M=160,602647351,lock_only,160,34.61,0.96894,0,1.0113,0,0.812331,0.786696,0.140903,0.142481,0.0192066,0.992244,0,0.017244
FR hip,M=160,602647351,both,160,34.61,0.961119,0,,0,0.812865,0.777824,0,0,0.0191511,0.993126,0,0.0337768
RR calf,M=1,860896728,baseline,1,37.5,0.992234,0,1.00644,0.15,0.802819,0.796978,3.79064,3.8135,0.0194734,0.993754,0,0.0184458
RR calf,M=1,860896728,freeze_only,1,37.5,-1.78129e-05,0,,0,0.803463,-1.43075e-05,0,0,0.0120822,-0.999871,0.75,0.101898
RR calf,M=1,860896728,lock_only,1,37.5,0.130274,0,0.859744,0.55,0.802755,0.105191,3.6429,3.16937,0.0125318,0.958238,0.1,0.0400062
RR calf,M=1,860896728,both,1,37.5,-0.000170052,0,,0,0.802389,-0.000136698,0,0,0.0120485,-1,0.8,0.0171493
RR calf,M=1,1396289849,baseline,1,56.25,1.03293,0,1.05174,0.45,0.619311,0.642772,2.28476,2.37925,0.0162402,0.972196,0,0.121929
RR calf,M=1,1396289849,freeze_only,1,56.25,0.000497051,0,,0,0.614912,0.000305868,0,0,0.0106295,-0.999978,1,0.00138802
RR calf,M=1,1396289849,lock_only,1,56.25,0.000624362,0,0.779144,0.95,0.612492,0.000397261,2.39608,1.89008,0.010574,-0.999975,1,0.00155133
RR calf,M=1,1396289849,both,1,56.25,0.00023619,0,,0,0.624827,0.00014214,0,0,0.0104954,-0.999999,1,0.00279238
RR calf,M=1,1295751242,baseline,1,42.857,0.981647,0,1.01076,0.35,0.707816,0.695728,3.14087,3.15094,0.0177553,0.984755,0,0.0514717
RR calf,M=1,1295751242,freeze_only,1,42.857,0.00087687,0,,0,0.702136,0.000616796,0,0,0.0111622,-0.258939,0.7,0.0358816
RR calf,M=1,1295751242,lock_only,1,42.857,0.00253237,0,1.01595,0.1,0.704346,0.00180229,3.3104,3.31407,0.0113064,-0.999491,1,0.000393786
RR calf,M=1,1295751242,both,1,42.857,2.68969e-05,0,,0,0.705721,1.85441e-05,0,0,0.0111957,-1,0.9,0.0373417
RR calf,M=1,489225843,baseline,1,52.941,0.981819,0,1.04178,0.3,0.653818,0.638948,2.67323,2.78492,0.0166727,0.981558,0,0.0870718
RR calf,M=1,489225843,freeze_only,1,52.941,0.000252924,0,,0,0.651549,0.000165168,0,0,0.0108125,-0.999435,0.75,0.00386191
RR calf,M=1,489225843,lock_only,1,52.941,-0.000354198,0,0.725149,0.8,0.663374,-0.000235987,2.79861,2.05657,0.0105806,-0.99955,0.95,0.00144341
RR calf,M=1,489225843,both,1,52.941,0.000515304,0,,0,0.650342,0.000333784,0,0,0.0106046,0.924974,0.45,0.0102292
RR calf,M=1,2113178504,baseline,1,33.333,0.985285,0,0.974025,0.25,0.611362,0.604374,3.85462,3.74271,0.0168734,0.977811,0,0.0605026
RR calf,M=1,2113178504,freeze_only,1,33.333,0.00147682,0,,0,0.60817,0.000923182,0,0,0.0118135,0.986388,0.05,0.0497298
RR calf,M=1,2113178504,lock_only,1,33.333,-0.00253243,0,0.533962,0.9,0.610425,-0.00156193,3.67382,1.91242,0.0108444,-0.0515414,1,0.00258705
RR calf,M=1,2113178504,both,1,33.333,2.45277e-05,0,,0,0.609819,1.51911e-05,0,0,0.0111835,0.867607,0.45,0.00464558
RR calf,M=10,617764346,baseline,10,44.999,0.994297,0,1.00745,0,0.761322,0.757547,1.45891,1.47014,0.0193605,0.983671,0,0.0329995
RR calf,M=10,617764346,freeze_only,10,44.999,3.54379e-06,0,,0,0.762824,2.58897e-06,0,0,0.011918,-0.107269,0.75,0.194277
RR calf,M=10,617764346,lock_only,10,44.999,-0.000175217,0,1.00578,0.1,0.765188,-0.000133434,1.41917,1.43962,0.0122316,-0.999959,1,0.000364342
RR calf,M=10,617764346,both,10,44.999,-6.04796e-05,0,,0,0.760452,-4.58854e-05,0,0,0.0119975,-1,0.9,0.000749031
RR calf,M=10,1146876823,baseline,10,29.032,1.0297,0,1.20497,0.15,0.657253,0.677567,0.984428,1.18399,0.017357,0.995574,0,0.0299544
RR calf,M=10,1146876823,freeze_only,10,29.032,0.0103587,0,,0,0.6576,0.000740276,0,0,0.0111656,-0.584177,0.6,0.404549
RR calf,M=10,1146876823,lock_only,10,29.032,-0.000795698,0,1.16647,0.3,0.655805,-0.000526357,0.954854,1.10238,0.0108835,-0.345879,0.9,0.00162766
RR calf,M=10,1146876823,both,10,29.032,-0.000841904,0,,0,0.654767,-0.000549374,0,0,0.0108108,-0.563827,0.9,0.000612351
RR calf,M=10,1331919846,baseline,10,30,0.992655,0,1.31363,0,0.618914,0.615182,0.87673,1.1505,0.0170255,0.965496,0,0.0276729
RR calf,M=10,1331919846,freeze_only,10,30,0.0141205,0,,0,0.617633,0.0089078,0,0,0.0116037,0.987547,0.25,0.301909
RR calf,M=10,1331919846,lock_only,10,30,0.000313735,0,1.12593,0.2,0.62183,0.000197113,0.937116,1.05847,0.0106918,-0.999978,1,0.000320501
RR calf,M=10,1331919846,both,10,30,-4.97345e-05,0,,0,0.619834,-3.16346e-05,0,0,0.0106857,-0.999941,0.8,0.0131857
RR calf,M=10,27294405,baseline,10,31.034,1.00123,0,0.897264,0.55,0.640942,0.642855,1.31165,1.17921,0.0171793,0.99175,0,0.0124378
RR calf,M=10,27294405,freeze_only,10,31.034,0.0238233,0,,0,0.641237,0.0152856,0,0,0.0117709,0.947903,0.1,0.200446
RR calf,M=10,27294405,lock_only,10,31.034,0.145414,0,0.658254,0.9,0.641101,0.093556,1.17299,0.768948,0.0123236,0.986936,0,0.0168194
RR calf,M=10,27294405,both,10,31.034,-0.000263245,0,,0,0.642482,-0.000170791,0,0,0.0115968,0.944343,0.3,0.0464872
RR calf,M=10,689362957,baseline,10,27.2727,0.99683,0,1.00673,0.25,0.611214,0.612246,1.26105,1.26878,0.0161849,0.980003,0,0.105775
RR calf,M=10,689362957,freeze_only,10,27.2727,-0.000530423,0,,0,0.610328,-0.000316442,0,0,0.0102271,-0.999367,0.65,0.224969
RR calf,M=10,689362957,lock_only,10,27.2727,-0.000147264,0,0.773865,0.6,0.612089,-9.10616e-05,1.3358,1.03449,0.0102591,-1,1,6.04973e-05
RR calf,M=10,689362957,both,10,27.2727,-0.000485568,0,,0,0.611799,-0.000294594,0,0,0.0101844,-0.999446,0.75,0.00882186
RR calf,M=20,1853697842,baseline,20,34.615,0.995191,0,1.01856,0,0.715787,0.713441,1.00614,1.02389,0.0187359,0.992665,0,0.0144319
RR calf,M=20,1853697842,freeze_only,20,34.615,-0.000213074,0,,0,0.716957,-0.000152136,0,0,0.0117391,-0.199132,0.75,0.0855184
RR calf,M=20,1853697842,lock_only,20,34.615,0.000631799,0,0.731085,1,0.715891,0.000449664,0.978458,0.716741,0.0118596,-0.621727,0.65,0.0624274
RR calf,M=20,1853697842,both,20,34.615,-0.000524756,0,,0,0.715793,-0.000376368,0,0,0.0116529,-0.999896,1,0.00055527
RR calf,M=20,685059270,baseline,20,52.941,0.986639,0,1.00523,0.1,0.680523,0.672881,0.688298,0.69184,0.0177734,0.964755,0,0.0393853
RR calf,M=20,685059270,freeze_only,20,52.941,4.17669e-05,0,,0,0.685772,2.80145e-05,0,0,0.0115807,-0.999348,0.7,0.181951
RR calf,M=20,685059270,lock_only,20,52.941,-8.37984e-05,0,0.66012,1,0.685041,-5.89913e-05,0.663437,0.449722,0.0113961,-1,0.8,0.017467
RR calf,M=20,685059270,both,20,52.941,-0.000228184,0,,0,0.68063,-0.000155805,0,0,0.0112576,-0.264268,0.6,0.00982675
RR calf,M=20,1919632181,baseline,20,69.23,1.01053,0,1.03894,0.2,0.58718,0.593138,0.758756,0.788353,0.016958,0.988556,0,0.0855289
RR calf,M=20,1919632181,freeze_only,20,69.23,0.0304571,0,,0,0.588952,0.017502,0,0,0.0114236,0.982516,0.45,0.314917
RR calf,M=20,1919632181,lock_only,20,69.23,0.00604451,0,0.658732,0.85,0.588334,0.00374644,0.763436,0.561618,0.0120093,0.887992,0.45,0.0661708
RR calf,M=20,1919632181,both,20,69.23,1.83837e-05,0,,0,0.588821,1.67276e-05,0,0,0.0108676,-0.99976,0.7,0.0859277
RR calf,M=20,641049713,baseline,20,47.368,0.980816,0,0.994762,0,0.608033,0.594549,0.804419,0.801334,0.0166124,0.982081,0,0.0535066
RR calf,M=20,641049713,freeze_only,20,47.368,0.000309136,0,,0,0.606521,0.000185482,0,0,0.0107801,-0.998962,0.7,0.0314443
RR calf,M=20,641049713,lock_only,20,47.368,0.213308,0,0.956976,0,0.610695,0.129504,0.812363,0.774743,0.0116251,0.964009,0,0.0110507
RR calf,M=20,641049713,both,20,47.368,-0.00120845,0,,0,0.607686,-0.00073158,0,0,0.0107601,0.881006,0.45,0.0428251
RR calf,M=20,1298619277,baseline,20,89.999,0.992106,0,1.04333,0.1,0.721342,0.714845,0.88092,0.922449,0.0180573,0.978829,0.05,0.0375587
RR calf,M=20,1298619277,freeze_only,20,89.999,0.000472664,0,,0,0.718408,0.000353906,0,0,0.0116774,-1,0.65,0.0156638
RR calf,M=20,1298619277,lock_only,20,89.999,0.0570391,0,0.627122,1,0.722271,0.0415161,0.823495,0.537807,0.0121066,0.905905,0.35,0.0896573
RR calf,M=20,1298619277,both,20,89.999,-9.31479e-06,0,,0,0.727399,-7.16285e-06,0,0,0.0116391,-0.124756,0.7,0.014489
RR calf,M=160,576310242,baseline,160,36,0.995664,0,1.01548,0,0.791586,0.789584,0.129958,0.132197,0.0196311,0.99496,0,0.014872
RR calf,M=160,576310242,freeze_only,160,36,0.986014,0,,0,0.791762,0.783284,0,0,0.019556,0.997281,0,0.0127155
RR calf,M=160,576310242,lock_only,160,36,-0.00330714,0,0.813762,0.9,0.791619,-0.002627,0.122772,0.101736,0.0120582,-0.188619,1,0.00302093
RR calf,M=160,576310242,both,160,36,-0.00220771,0,,0,0.792537,-0.00175716,0,0,0.0119848,-0.136339,0.9,0.035587
RR calf,M=160,756800567,baseline,160,34.615,1.00204,0,1.00481,0,0.796197,0.797995,0.108342,0.108747,0.0196742,0.984279,0,0.0102879
RR calf,M=160,756800567,freeze_only,160,34.615,0.815683,0,,0,0.796324,0.649254,0,0,0.017362,0.966682,0.05,0.37786
RR calf,M=160,756800567,lock_only,160,34.615,-0.000141008,0,0.64095,1,0.796818,-0.000111916,0.108775,0.069309,0.0119366,-1,1,0.000269597
RR calf,M=160,756800567,both,160,34.615,0.000180964,0,,0,0.79647,0.000144464,0,0,0.0121115,-1,1,0.00229206
RR calf,M=160,1042351053,baseline,160,37.5,1.00296,0,1.0034,0,0.773239,0.777639,0.141512,0.141966,0.0190954,0.990154,0,0.0137408
RR calf,M=160,1042351053,freeze_only,160,37.5,0.985997,0,,0,0.775266,0.759638,0,0,0.0188313,0.990469,0,0.0721169
RR calf,M=160,1042351053,lock_only,160,37.5,-0.000699428,0,0.666614,1,0.77746,-0.000544187,0.130997,0.0835791,0.0119575,-0.999872,1,0.00892283
RR calf,M=160,1042351053,both,160,37.5,-0.000122249,0,,0,0.776786,-9.52685e-05,0,0,0.0121235,-1,1,0.000213066
RR calf,M=160,2126766829,baseline,160,47.368,0.990701,0,0.985564,0.05,0.617901,0.613491,0.0954176,0.0942137,0.0165903,0.992033,0,0.0436442
RR calf,M=160,2126766829,freeze_only,160,47.368,0.992042,0,,0,0.615075,0.608205,0,0,0.0164078,0.987439,0,0.0417671
RR calf,M=160,2126766829,lock_only,160,47.368,-0.00169342,0,0.713079,0.95,0.614056,-0.00104129,0.0904401,0.0649782,0.0104954,-0.0797355,1,0.0017663
RR calf,M=160,2126766829,both,160,47.368,-0.000136883,0,,0,0.612084,-8.26583e-05,0,0,0.0104597,-0.129975,1,0.00100199
RR calf,M=160,602647351,baseline,160,34.61,1.00428,0,0.99527,0,0.813627,0.815898,0.13879,0.13896,0.0198686,0.988273,0,0.0210984
RR calf,M=160,602647351,freeze_only,160,34.61,0.996761,0,,0,0.81363,0.808069,0,0,0.0197506,0.993554,0,0.010452
RR calf,M=160,602647351,lock_only,160,34.61,0.00258142,0,0.526738,1,0.812905,0.00208704,0.135747,0.0718752,0.0123506,0.982806,0,0.0274056
RR calf,M=160,602647351,both,160,34.61,-0.0277054,0,,0,0.81238,-0.0224029,0,0,0.0114553,0.93985,0,0.0888451
FL calf,M=1,860896728,baseline,1,37.5,0.992234,0,1.00644,0.15,0.802819,0.796978,3.79064,3.8135,0.0194734,0.993754,0,0.0184458
FL calf,M=1,860896728,freeze_only,1,37.5,-1.78129e-05,0,,0,0.803463,-1.43075e-05,0,0,0.0120822,-0.999871,0.75,0.101898
FL calf,M=1,860896728,lock_only,1,37.5,0.153196,0,0.933372,0.3,0.801525,0.122335,3.51768,3.2607,0.013331,-0.999675,0.65,0.321929
FL calf,M=1,860896728,both,1,37.5,-5.52262e-06,0,,0,0.801531,-4.37412e-06,0,0,0.0120259,-0.999908,0.8,0.0613827
FL calf,M=1,1396289849,baseline,1,56.25,1.03762,0,1.01268,0.45,0.617114,0.640455,2.37392,2.37659,0.0162622,0.983601,0,0.107684
FL calf,M=1,1396289849,freeze_only,1,56.25,0.000580893,0,,0,0.623687,0.00035192,0,0,0.0106506,-0.999848,0.95,0.00160677
FL calf,M=1,1396289849,lock_only,1,56.25,0.360401,0,0.9277,0.4,0.60473,0.220839,2.27424,2.17354,0.0120685,0.955767,0.4,0.414828
FL calf,M=1,1396289849,both,1,56.25,0.000350821,0,,0,0.625201,0.00022346,0,0,0.0105376,-0.999467,0.85,0.00329851
FL calf,M=1,1295751242,baseline,1,42.857,0.984132,0,1.00368,0.25,0.70753,0.695781,3.15024,3.16058,0.0178017,0.986068,0,0.0336909
FL calf,M=1,1295751242,freeze_only,1,42.857,1.4746e-05,0,,0,0.702677,1.03507e-05,0,0,0.0112442,-1,0.75,0.00395314
FL calf,M=1,1295751242,lock_only,1,42.857,0.958,0,0.98769,0.25,0.703834,0.671689,3.05885,3.04647,0.0170414,0.984498,0,0.0506464
FL calf,M=1,1295751242,both,1,42.857,0.000139064,0,,0,0.705973,9.63354e-05,0,0,0.0111466,-1,1,0.00141363
FL calf,M=1,489225843,baseline,1,52.941,0.982696,0,0.95986,0.3,0.649147,0.635434,2.93729,2.80008,0.0166802,0.98777,0,0.0833187
FL calf,M=1,489225843,freeze_only,1,52.941,-4.02398e-05,0,,0,0.645514,-2.53578e-05,0,0,0.0109097,-0.624333,0.65,0.00478363
FL calf,M=1,489225843,lock_only,1,52.941,0.175122,0,0.788866,0.65,0.650992,0.119975,2.60156,2.08529,0.01242,0.979252,0,0.170662
FL calf,M=1,489225843,both,1,52.941,-0.00130057,0,,0,0.662686,-0.000870538,0,0,0.010764,-0.0267966,0.65,0.00749412
FL calf,M=1,2113178504,baseline,1,33.333,0.984312,0,0.971207,0.3,0.614622,0.605069,3.85439,3.74341,0.0168576,0.976733,0,0.053247
FL calf,M=1,2113178504,freeze_only,1,33.333,0.000658345,0,,0,0.610238,0.000401294,0,0,0.0117974,0.992567,0.15,0.112913
FL calf,M=1,2113178504,lock_only,1,33.333,-0.000696572,0,0.531482,1,0.609243,-0.000428796,3.76994,1.9517,0.0107936,-1,1,0.00024447
FL calf,M=1,2113178504,both,1,33.333,-0.000188979,0,,0,0.609969,-0.000115116,0,0,0.0108022,0.889899,0.3,0.00270644
FL calf,M=10,617764346,baseline,10,44.999,0.993251,0,1.01076,0,0.76202,0.757495,1.45419,1.47005,0.0193598,0.984163,0,0.0311608
FL calf,M=10,617764346,freeze_only,10,44.999,-6.54012e-05,0,,0,0.761547,-4.9452e-05,0,0,0.0119467,-0.180616,0.75,0.300934
FL calf,M=10,617764346,lock_only,10,44.999,0.858823,0,0.974897,0,0.763021,0.656965,1.48086,1.44109,0.0178593,0.989499,0,0.0224999
FL calf,M=10,617764346,both,10,44.999,3.09875e-05,0,,0,0.761602,2.34602e-05,0,0,0.0121621,-1,0.9,0.090276
FL calf,M=10,1146876823,baseline,10,29.032,1.02407,0,1.19574,0.15,0.656971,0.673653,0.994206,1.18623,0.0173119,0.99287,0,0.0209401
FL calf,M=10,1146876823,freeze_only,10,29.032,0.0706454,0,,0,0.657109,0.0461388,0,0,0.0115597,0.432665,0.5,0.286614
FL calf,M=10,1146876823,lock_only,10,29.032,-0.00079667,0,0.980643,0.3,0.658105,-0.000519993,1.08586,1.06073,0.0107851,-0.999975,1,0.000515999
FL calf,M=10,1146876823,both,10,29.032,-0.00104554,0,,0,0.654976,-0.000684358,0,0,0.0108415,-0.182664,0.7,0.0974107
FL calf,M=10,1331919846,baseline,10,30,0.989475,0,1.24532,0.05,0.620681,0.61507,0.926561,1.15124,0.0170538,0.96303,0,0.0329741
FL calf,M=10,1331919846,freeze_only,10,30,0.000944411,0,,0,0.617532,0.00017461,0,0,0.0114658,0.930537,0.3,0.312394
FL calf,M=10,1331919846,lock_only,10,30,0.000284601,0,1.22967,0.1,0.622815,0.000175344,0.948821,1.10901,0.0108931,-0.999776,0.85,0.0562258
FL calf,M=10,1331919846,both,10,30,7.38246e-05,0,,0,0.619818,4.51241e-05,0,0,0.0112833,0.973849,0.25,0.221661
FL calf,M=10,27294405,baseline,10,31.034,1.00307,0,0.903064,0.45,0.64183,0.643685,1.30861,1.18186,0.0171739,0.993125,0,0.0111668
FL calf,M=10,27294405,freeze_only,10,31.034,-0.00026395,0,,0,0.642337,-0.000169954,0,0,0.011747,0.950811,0.1,0.210993
FL calf,M=10,27294405,lock_only,10,31.034,-5.78465e-05,0,0.788421,0.75,0.642323,-3.75363e-05,1.23786,0.9857,0.0109137,0.778879,0.4,0.0389944
FL calf,M=10,27294405,both,10,31.034,-0.00183105,0,,0,0.642411,-0.00118013,0,0,0.0115102,0.936352,0.3,0.18802
FL calf,M=10,689362957,baseline,10,27.2727,1.00805,0,1.03811,0.1,0.606183,0.612298,1.22354,1.26933,0.0161653,0.975824,0,0.0951345
FL calf,M=10,689362957,freeze_only,10,27.2727,-0.000190105,0,,0,0.608967,-0.000115432,0,0,0.0103888,-0.16133,0.6,0.186105
FL calf,M=10,689362957,lock_only,10,27.2727,-2.71593e-06,0,0.842848,0.65,0.61133,-3.20718e-06,1.23778,1.02043,0.0108345,-1,0.9,0.118916
FL calf,M=10,689362957,both,10,27.2727,-0.00109229,0,,0,0.610239,-0.000655125,0,0,0.0101795,-0.998969,1,0.00218049
FL calf,M=20,1853697842,baseline,20,34.615,0.992619,0,1.01485,0,0.718327,0.71453,1.0077,1.02387,0.0187537,0.99246,0,0.0157531
FL calf,M=20,1853697842,freeze_only,20,34.615,-0.000483968,0,,0,0.717419,-0.000346387,0,0,0.0117379,-0.59253,0.8,0.109544
FL calf,M=20,1853697842,lock_only,20,34.615,0.38748,0,0.815623,1,0.716304,0.279283,0.989998,0.803351,0.0135789,0.979897,0.25,0.293762
FL calf,M=20,1853697842,both,20,34.615,-0.000425732,0,,0,0.716313,-0.000307195,0,0,0.0116517,-0.999998,1,0.000978071
FL calf,M=20,685059270,baseline,20,52.941,0.988608,0,0.999158,0.1,0.679454,0.67426,0.692293,0.691824,0.0177882,0.951494,0,0.0447472
FL calf,M=20,685059270,freeze_only,20,52.941,-4.64167e-05,0,,0,0.683939,-3.2468e-05,0,0,0.011594,-0.451606,0.7,0.08489
FL calf,M=20,685059270,lock_only,20,52.941,0.00335529,0,0.460735,1,0.685398,0.00227451,0.690146,0.310629,0.0112784,0.71224,0.3,0.108605
FL calf,M=20,685059270,both,20,52.941,-2.22969e-05,0,,0,0.681261,-3.28812e-05,0,0,0.0110553,-0.998441,0.6,0.00727348
FL calf,M=20,1919632181,baseline,20,69.23,1.00733,0,1.01307,0.25,0.588342,0.59421,0.779044,0.788469,0.0169607,0.982948,0,0.0918587
FL calf,M=20,1919632181,freeze_only,20,69.23,0.0178812,0,,0,0.589937,0.0102833,0,0,0.011591,0.963478,0.4,0.297532
FL calf,M=20,1919632181,lock_only,20,69.23,-0.00107594,0,0.905985,0.45,0.588052,-0.000668522,0.755406,0.673493,0.0110139,-1,1,0.000885408
FL calf,M=20,1919632181,both,20,69.23,0.0236364,0,,0,0.587283,0.0135609,0,0,0.0117396,0.964444,0.35,0.304007
FL calf,M=20,641049713,baseline,20,47.368,0.97257,0,0.979175,0,0.610329,0.597413,0.818056,0.800885,0.0166031,0.981303,0,0.0328836
FL calf,M=20,641049713,freeze_only,20,47.368,-0.000424681,0,,0,0.607477,-0.000260772,0,0,0.0108384,-0.99993,0.8,0.0195231
FL calf,M=20,641049713,lock_only,20,47.368,-0.000621668,0,0.712567,1,0.609596,-0.000376209,0.780502,0.551864,0.0106097,-1,1,0.00041608
FL calf,M=20,641049713,both,20,47.368,-0.00159902,0,,0,0.603988,-0.000895615,0,0,0.0106929,-0.999847,0.8,0.00131063
FL calf,M=20,1298619277,baseline,20,89.999,0.992293,0,1.04577,0,0.718892,0.715114,0.880609,0.923718,0.0181105,0.979593,0.1,0.0474246
FL calf,M=20,1298619277,freeze_only,20,89.999,0.000336678,0,,0,0.719519,0.000251975,0,0,0.011612,-0.0951517,0.6,0.0379835
FL calf,M=20,1298619277,lock_only,20,89.999,0.000131043,0,0.843646,0.85,0.720583,9.41582e-05,0.893432,0.745373,0.0117996,0.74167,0.45,0.253405
FL calf,M=20,1298619277,both,20,89.999,-5.50566e-05,0,,0,0.728777,-3.94619e-05,0,0,0.0116389,-1,0.8,0.0028393
FL calf,M=160,576310242,baseline,160,36,0.99619,0,1.00792,0,0.791667,0.789069,0.131424,0.131917,0.0196429,0.995911,0,0.0141683
FL calf,M=160,576310242,freeze_only,160,36,0.987394,0,,0,0.792751,0.784113,0,0,0.0195302,0.997369,0,0.0127391
FL calf,M=160,576310242,lock_only,160,36,0.489914,0,0.81075,0.8,0.791659,0.387512,0.127389,0.103521,0.0141385,0.980889,0,0.0706193
FL calf,M=160,576310242,both,160,36,0.430994,0,,0,0.79241,0.339624,0,0,0.0141959,0.981169,0,0.105825
FL calf,M=160,756800567,baseline,160,34.615,1.00315,0,1.00182,0,0.796033,0.798797,0.108784,0.108728,0.0196599,0.983165,0,0.0104915
FL calf,M=160,756800567,freeze_only,160,34.615,0.703364,0,,0,0.795906,0.559783,0,0,0.0171777,0.964498,0.1,0.66265
FL calf,M=160,756800567,lock_only,160,34.615,0.423195,0,0.619879,1,0.795769,0.337041,0.104456,0.0621441,0.0141296,0.984518,0,0.0363249
FL calf,M=160,756800567,both,160,34.615,0.530497,0,,0,0.796157,0.423308,0,0,0.0146959,0.988431,0,0.0900626
FL calf,M=160,1042351053,baseline,160,37.5,0.999034,0,1.013,0,0.777418,0.776354,0.140247,0.142257,0.0190956,0.995854,0,0.019338
FL calf,M=160,1042351053,freeze_only,160,37.5,0.985568,0,,0,0.776708,0.765396,0,0,0.0188743,0.991081,0,0.0388276
FL calf,M=160,1042351053,lock_only,160,37.5,0.000284862,0,0.83055,0.65,0.776079,0.000221679,0.125346,0.106028,0.0117456,-0.999875,1,0.00575149
FL calf,M=160,1042351053,both,160,37.5,-0.000189966,0,,0,0.778154,-0.000146267,0,0,0.0117227,-0.299404,0.95,0.0146159
FL calf,M=160,2126766829,baseline,160,47.368,0.997474,0,1.02738,0.05,0.613553,0.613616,0.0920727,0.0945186,0.0165758,0.989842,0,0.0423326
FL calf,M=160,2126766829,freeze_only,160,47.368,0.979119,0,,0,0.61535,0.607313,0,0,0.016328,0.988081,0,0.0556344
FL calf,M=160,2126766829,lock_only,160,47.368,-0.000340862,0,0.836372,0.8,0.612415,-0.000207503,0.0886453,0.0749552,0.0108418,-1,1,0.0128204
FL calf,M=160,2126766829,both,160,47.368,0.000815369,0,,0,0.612658,0.00050193,0,0,0.0111723,-0.995284,0.55,0.232316
FL calf,M=160,602647351,baseline,160,34.61,1.00289,0,0.996162,0,0.81405,0.8152,0.138906,0.139015,0.019858,0.989035,0,0.0153547
FL calf,M=160,602647351,freeze_only,160,34.61,0.994415,0,,0,0.813838,0.807074,0,0,0.0197871,0.993309,0,0.0121027
FL calf,M=160,602647351,lock_only,160,34.61,-2.21886e-05,0,0.707432,1,0.813383,-1.81229e-05,0.134473,0.0949482,0.0122329,-1,1,0.00160218
FL calf,M=160,602647351,both,160,34.61,0.000216328,0,,0,0.812193,0.000176882,0,0,0.0121978,-1,1,0.00378302
